ID,name,email,birth,password,phone
1,James Butt,jbutt@gmail.com,1/1/1994,kzde5577,504-621-8927
2,Josephine Darakjy,josephine_darakjy@darakjy.org,1/2/1994,kino3434,810-292-9388
3,Art Venere,art@venere.org,1/3/1994,visi7k1yr,856-636-8749
4,Lenna Paprocki,lpaprocki@hotmail.com,1/4/1994,megzy123,907-385-4412
5,Donette Foller,donette.foller@cox.net,1/5/1994,lamborghin1,513-570-1893
6,Simona Morasca,simona@morasca.com,1/6/1994,AVYq1lDE4MgAZfNt,419-503-2484
7,Mitsue Tollner,mitsue_tollner@yahoo.com,1/7/1994,u6c8vhow,773-573-6914
8,Leota Dilliard,leota@hotmail.com,1/8/1994,v1118714,408-752-3500
9,Sage Wieser,sage_wieser@cox.net,1/9/1994,universe2908,605-414-2147
10,Kris Marrier,kris@gmail.com,1/10/1994,as326159,410-655-8723
11,Minna Amigon,minna_amigon@yahoo.com,1/11/1994,asv5o9yu,215-874-1229
12,Abel Maclead,amaclead@gmail.com,1/12/1994,612035180tok,631-335-3414
13,Kiley Caldarera,kiley.caldarera@aol.com,1/13/1994,jytifok873,310-498-5651
14,Graciela Ruta,gruta@cox.net,1/14/1994,WUt9IZzE0OQ7PkNE,440-780-8425
15,Cammy Albares,calbares@gmail.com,1/15/1994,jerusalem393,956-537-6195
16,Mattie Poquette,mattie@aol.com,1/16/1994,g067057895,602-277-4385
17,Meaghan Garufi,meaghan@hotmail.com,1/17/1994,52558000aaa,931-313-9635
18,Gladys Rim,gladys.rim@rim.org,1/18/1994,idofo673,414-661-9598
19,Yuki Whobrey,yuki_whobrey@aol.com,1/19/1994,6975038lp,313-288-7937
20,Fletcher Flosi,fletcher.flosi@yahoo.com,1/20/1994,sbl571017,815-828-2147
21,Bette Nicka,bette_nicka@cox.net,1/21/1994,elyass15@ajilent-ci,610-545-3615
22,Veronika Inouye,vinouye@aol.com,1/22/1994,intel1,408-540-1785
23,Willard Kolmetz,willard@hotmail.com,1/23/1994,klara-tershina3H,972-303-9197
24,Maryann Royster,mroyster@royster.com,1/24/1994,czuodhj972,518-966-7987
25,Alisha Slusarski,alisha@slusarski.com,1/25/1994,faranumar91,732-658-3154
26,Allene Iturbide,allene_iturbide@cox.net,1/26/1994,cigicigi123,715-662-6764
27,Chanel Caudy,chanel.caudy@caudy.org,1/27/1994,0169395484a,913-388-2079
28,Ezekiel Chui,ezekiel@chui.com,1/28/1994,schalke04,410-669-1642
29,Willow Kusko,wkusko@yahoo.com,1/29/1994,prisonbreak1,212-582-4976
30,Bernardo Figeroa,bfigeroa@aol.com,1/30/1994,asgaliu11,936-336-3951
31,Ammie Corrio,ammie@corrio.com,1/31/1994,gaymaids1,614-801-9788
32,Francine Vocelka,francine_vocelka@vocelka.com,2/1/1994,trabajonet9,505-977-3911
33,Ernie Stenseth,ernie_stenseth@aol.com,2/2/1994,go7kew7a2po,201-709-6245
34,Albina Glick,albina@glick.com,2/3/1994,fk9qi21m,732-924-7882
35,Alishia Sergi,asergi@gmail.com,2/4/1994,memjan123,212-860-1579
36,Solange Shinko,solange@shinko.com,2/5/1994,lsdlsd1,504-979-9175
37,Jose Stockham,jose@yahoo.com,2/6/1994,exitos2009,212-675-8570
38,Rozella Ostrosky,rozella.ostrosky@ostrosky.com,2/7/1994,fahad123,805-832-6163
39,Valentine Gillian,valentine_gillian@gmail.com,2/8/1994,kswa2mrv,210-812-9597
40,Kati Rulapaugh,kati.rulapaugh@hotmail.com,2/9/1994,yitbos77,785-463-7829
41,Youlanda Schemmer,youlanda@aol.com,2/10/1994,juliel009,541-548-8197
42,Dyan Oldroyd,doldroyd@aol.com,2/11/1994,pHyqueDIyNQ8vmhb,913-413-4604
43,Roxane Campain,roxane@hotmail.com,2/12/1994,alimagik1,907-231-4722
44,Lavera Perin,lperin@perin.org,2/13/1994,yqugu927,305-606-7291
45,Erick Ferencz,erick.ferencz@aol.com,2/14/1994,olmaz.,907-741-1044
46,Fatima Saylors,fsaylors@saylors.org,2/15/1994,hpqkoxsn5,952-768-2416
47,Jina Briddick,jina_briddick@briddick.com,2/16/1994,a2531106,617-399-5124
48,Kanisha Waycott,kanisha_waycott@yahoo.com,2/17/1994,TyWM72UNEex8Q8Y,323-453-2780
49,Emerson Bowley,emerson.bowley@bowley.org,2/18/1994,ejeko677,608-336-7444
50,Blair Malet,bmalet@yahoo.com,2/19/1994,openup12,215-907-9111
51,Brock Bolognia,bbolognia@yahoo.com,2/20/1994,ok>bdk,212-402-9216
52,Lorrie Nestle,lnestle@hotmail.com,2/21/1994,tamanagung6,931-875-6644
53,Sabra Uyetake,sabra@uyetake.org,2/22/1994,c3h8bkzr,803-925-5213
54,Marjory Mastella,mmastella@mastella.com,2/23/1994,patri1973,610-814-5533
55,Karl Klonowski,karl_klonowski@yahoo.com,2/24/1994,yk530mg8,908-877-6135
56,Tonette Wenner,twenner@aol.com,2/25/1994,bozoxik602,516-968-6051
57,Amber Monarrez,amber_monarrez@monarrez.org,2/26/1994,calcifer32,215-934-8655
58,Shenika Seewald,shenika@gmail.com,2/27/1994,b4NbTxDEyNgG141J,818-423-4007
59,Delmy Ahle,delmy.ahle@hotmail.com,2/28/1994,d04m11,401-458-2547
60,Deeanna Juhas,deeanna_juhas@gmail.com,3/1/1994,matiofox08,215-211-9589
61,Blondell Pugh,bpugh@aol.com,3/2/1994,khmer100.03278&?><Mnb,401-960-8259
62,Jamal Vanausdal,jamal@vanausdal.org,3/3/1994,sknq7m0,732-234-1546
63,Cecily Hollack,cecily@hollack.org,3/4/1994,snolyuj04,512-486-3817
64,Carmelina Lindall,carmelina_lindall@lindall.com,3/5/1994,kjkjkj1,303-724-7371
65,Maurine Yglesias,maurine_yglesias@yglesias.com,3/6/1994,bgrvl80,414-748-1374
66,Tawna Buvens,tawna@gmail.com,3/7/1994,Iamthelegend1!,212-674-9610
67,Penney Weight,penney_weight@aol.com,3/8/1994,il0vey0u,907-797-9628
68,Elly Morocco,elly_morocco@gmail.com,3/9/1994,obstacle25,814-393-5571
69,Ilene Eroman,ilene.eroman@hotmail.com,3/10/1994,rntprns7,410-914-9018
70,Vallie Mondella,vmondella@mondella.com,3/11/1994,gdfn76,208-862-5339
71,Kallie Blackwood,kallie.blackwood@gmail.com,3/12/1994,mickael12,415-315-2761
72,Johnetta Abdallah,johnetta_abdallah@aol.com,3/13/1994,cesarmaio1,919-225-9345
73,Bobbye Rhym,brhym@rhym.com,3/14/1994,juliana19,650-528-5783
74,Micaela Rhymes,micaela_rhymes@gmail.com,3/15/1994,kunyukbabi69,925-647-3298
75,Tamar Hoogland,tamar@hotmail.com,3/16/1994,hodygid757,740-343-8575
76,Moon Parlato,moon@yahoo.com,3/17/1994,ga98SIzk0NwhiZaE,585-866-8313
77,Laurel Reitler,laurel_reitler@reitler.com,3/18/1994,283671gus,410-520-4832
78,Delisa Crupi,delisa.crupi@crupi.com,3/19/1994,jalingo1,973-354-2040
79,Viva Toelkes,viva.toelkes@gmail.com,3/20/1994,p2share,773-446-5569
80,Elza Lipke,elza@yahoo.com,3/21/1994,k9b8cz6aj2,973-927-3447
81,Devorah Chickering,devorah@hotmail.com,3/22/1994,gill02,505-975-8559
82,Timothy Mulqueen,timothy_mulqueen@mulqueen.org,3/23/1994,j09000,718-332-6527
83,Arlette Honeywell,ahoneywell@honeywell.com,3/24/1994,2021848709,904-775-4480
84,Dominque Dickerson,dominque.dickerson@dickerson.org,3/25/1994,hayhayq2,510-993-3758
85,Lettie Isenhower,lettie_isenhower@yahoo.com,3/26/1994,yllime123,216-657-7668
86,Myra Munns,mmunns@cox.net,3/27/1994,3vszncp4,817-914-7518
87,Stephaine Barfield,stephaine@barfield.com,3/28/1994,123477889a,310-774-7643
88,Lai Gato,lai.gato@gato.org,3/29/1994,12345yolanda,847-728-7286
89,Stephen Emigh,stephen_emigh@hotmail.com,3/30/1994,woon12,330-537-5358
90,Tyra Shields,tshields@gmail.com,3/31/1994,929865yt,215-255-1641
91,Tammara Wardrip,twardrip@cox.net,4/1/1994,jonothepoop1,650-803-1936
92,Cory Gibes,cory.gibes@gmail.com,4/2/1994,838188linh,626-572-1096
93,Danica Bruschke,danica_bruschke@gmail.com,4/3/1994,kVczcljg4OA25Aeb,254-782-8569
94,Wilda Giguere,wilda@cox.net,4/4/1994,k1k2k3k4k5k6,907-870-5536
95,Elvera Benimadho,elvera.benimadho@cox.net,4/5/1994,poseidon2011,408-703-8505
96,Carma Vanheusen,carma@cox.net,4/6/1994,s4m2dx9e6,510-503-7169
97,Malinda Hochard,malinda.hochard@yahoo.com,4/7/1994,xiau5ff,317-722-5066
98,Natalie Fern,natalie.fern@hotmail.com,4/8/1994,ns2b0727,307-704-8713
99,Lisha Centini,lisha@centini.org,4/9/1994,mmm23mm,703-235-3937
100,Arlene Klusman,arlene_klusman@gmail.com,4/10/1994,gkrqjs6,504-710-5840
101,Alease Buemi,alease@buemi.com,4/11/1994,ikanez886,303-301-4946
102,Louisa Cronauer,louisa@cronauer.com,4/12/1994,746xitEGiqObog,510-828-7047
103,Angella Cetta,angella.cetta@hotmail.com,4/13/1994,oekojWyH120063,808-892-7943
104,Cyndy Goldammer,cgoldammer@cox.net,4/14/1994,RqsuUsDYxNgr8T40,952-334-9408
105,Rosio Cork,rosio.cork@gmail.com,4/15/1994,xyws951753,336-243-5659
106,Celeste Korando,ckorando@hotmail.com,4/16/1994,elonex24,516-509-2347
107,Twana Felger,twana.felger@felger.org,4/17/1994,jalal123456,503-939-3153
108,Estrella Samu,estrella@aol.com,4/18/1994,6tequila6,608-976-7199
109,Donte Kines,dkines@hotmail.com,4/19/1994,yu4cmn,508-429-8576
110,Tiffiny Steffensmeier,tiffiny_steffensmeier@cox.net,4/20/1994,ass359,305-385-9695
111,Edna Miceli,emiceli@miceli.org,4/21/1994,icap12,814-460-2655
112,Sue Kownacki,sue@aol.com,4/22/1994,2akira2,972-666-3413
113,Jesusa Shin,jshin@shin.com,4/23/1994,znbl5tj1,931-273-8709
114,Rolland Francescon,rolland@cox.net,4/24/1994,123maxbala,973-649-2922
115,Pamella Schmierer,pamella.schmierer@schmierer.org,4/25/1994,64959rodro,305-420-8970
116,Glory Kulzer,gkulzer@kulzer.org,4/26/1994,moken7,410-224-9462
117,Shawna Palaspas,shawna_palaspas@palaspas.org,4/27/1994,teemteem97,805-275-3566
118,Brandon Callaro,brandon_callaro@hotmail.com,4/28/1994,aquhih220,808-215-6832
119,Scarlet Cartan,scarlet.cartan@yahoo.com,4/29/1994,zoobike04,229-735-3378
120,Oretha Menter,oretha_menter@yahoo.com,4/30/1994,farrukhcse12,617-418-5043
121,Ty Smith,tsmith@aol.com,5/1/1994,pato221182,201-672-1553
122,Xuan Rochin,xuan@gmail.com,5/2/1994,10Erjrlmebup0n,650-933-5072
123,Lindsey Dilello,lindsey.dilello@hotmail.com,5/3/1994,pikey231,909-639-9887
124,Devora Perez,devora_perez@perez.org,5/4/1994,z3ro1sm,510-955-3016
125,Herman Demesa,hdemesa@cox.net,5/5/1994,portales1,518-497-2940
126,Rory Papasergi,rpapasergi@cox.net,5/6/1994,jUV4dSDQwNwPpA36,570-867-7489
127,Talia Riopelle,talia_riopelle@aol.com,5/7/1994,fnmsdha476,973-245-2133
128,Van Shire,van.shire@shire.com,5/8/1994,g3rappa,908-409-2890
129,Lucina Lary,lucina_lary@cox.net,5/9/1994,rogyh820,321-749-4981
130,Bok Isaacs,bok.isaacs@aol.com,5/10/1994,sanki1,718-809-3762
131,Rolande Spickerman,rolande.spickerman@spickerman.com,5/11/1994,20Dgw7TQ0OQVdly7,808-315-3077
132,Howard Paulas,hpaulas@gmail.com,5/12/1994,ldteugao6,303-623-4241
133,Kimbery Madarang,kimbery_madarang@cox.net,5/13/1994,2yz4ewwg,973-310-1634
134,Thurman Manno,thurman.manno@yahoo.com,5/14/1994,www32223222,609-524-3586
135,Becky Mirafuentes,becky.mirafuentes@mirafuentes.com,5/15/1994,yuri110995,908-877-8409
136,Beatriz Corrington,beatriz@yahoo.com,5/16/1994,1972vishara,508-584-4279
137,Marti Maybury,marti.maybury@yahoo.com,5/17/1994,warriors08,773-775-4522
138,Nieves Gotter,nieves_gotter@gmail.com,5/18/1994,vehat387,503-527-5274
139,Leatha Hagele,lhagele@cox.net,5/19/1994,3y6iwef2g6,214-339-1809
140,Valentin Klimek,vklimek@klimek.org,5/20/1994,RPFUOUDQwMwVW0AS,312-303-5453
141,Melissa Wiklund,melissa@cox.net,5/21/1994,w9209640,419-939-3613
142,Sheridan Zane,sheridan.zane@zane.com,5/22/1994,5gzj5uf,951-645-3605
143,Bulah Padilla,bulah_padilla@hotmail.com,5/23/1994,kinga22,254-463-4368
144,Audra Kohnert,audra@kohnert.com,5/24/1994,nicolas05,615-406-7854
145,Daren Weirather,dweirather@aol.com,5/25/1994,26522876p,414-959-2540
146,Fernanda Jillson,fjillson@aol.com,5/26/1994,barra23,410-387-5260
147,Gearldine Gellinger,gearldine_gellinger@gellinger.com,5/27/1994,147963asd,972-934-6914
148,Chau Kitzman,chau@gmail.com,5/28/1994,123net123,310-560-8022
149,Theola Frey,theola_frey@frey.com,5/29/1994,s9830950044,516-948-5768
150,Cheryl Haroldson,cheryl@haroldson.org,5/30/1994,denise18,609-518-7697
151,Laticia Merced,lmerced@gmail.com,5/31/1994,2010server,513-508-7371
152,Carissa Batman,carissa.batman@yahoo.com,6/1/1994,p@sslng2diword,541-326-4074
153,Lezlie Craghead,lezlie.craghead@craghead.org,6/2/1994,tin030201,919-533-3762
154,Ozell Shealy,oshealy@hotmail.com,6/3/1994,yut0838828185,212-332-8435
155,Arminda Parvis,arminda@parvis.com,6/4/1994,2fakjv,602-906-9419
156,Reita Leto,reita.leto@gmail.com,6/5/1994,mazdarx7,317-234-1135
157,Yolando Luczki,yolando@cox.net,6/6/1994,omakiva153,315-304-4759
158,Lizette Stem,lizette.stem@aol.com,6/7/1994,alchimie79,856-487-5412
159,Gregoria Pawlowicz,gpawlowicz@yahoo.com,6/8/1994,potatobus150,516-212-1915
160,Carin Deleo,cdeleo@deleo.com,6/9/1994,damyvo114,501-308-1040
161,Chantell Maynerich,chantell@yahoo.com,6/10/1994,teste10,651-591-2583
162,Dierdre Yum,dyum@yahoo.com,6/11/1994,afs34214,215-325-3042
163,Larae Gudroe,larae_gudroe@gmail.com,6/12/1994,mohantra1,985-890-7262
164,Latrice Tolfree,latrice.tolfree@hotmail.com,6/13/1994,igejasy712,631-957-7624
165,Kerry Theodorov,kerry.theodorov@gmail.com,6/14/1994,IjUcOtYqAwel725,916-591-3277
166,Dorthy Hidvegi,dhidvegi@yahoo.com,6/15/1994,wisal1234,208-649-2373
167,Fannie Lungren,fannie.lungren@yahoo.com,6/16/1994,meopvywk628,512-587-5746
168,Evangelina Radde,evangelina@aol.com,6/17/1994,0870330135a,215-964-3284
169,Novella Degroot,novella_degroot@degroot.org,6/18/1994,sarahi1628,808-477-4775
170,Clay Hoa,choa@hoa.org,6/19/1994,ekufite742,775-501-8109
171,Jennifer Fallick,jfallick@yahoo.com,6/20/1994,polo2014,847-979-9545
172,Irma Wolfgramm,irma.wolfgramm@hotmail.com,6/21/1994,peluchin4,973-545-7355
173,Eun Coody,eun@yahoo.com,6/22/1994,ginger972,864-256-3620
174,Sylvia Cousey,sylvia_cousey@cousey.org,6/23/1994,demon10,410-209-9545
175,Nana Wrinkles,nana@aol.com,6/24/1994,tia150979,914-855-2115
176,Layla Springe,layla.springe@cox.net,6/25/1994,s0xwym7h,212-260-3151
177,Joesph Degonia,joesph_degonia@degonia.org,6/26/1994,puegwajy416,510-677-9785
178,Annabelle Boord,annabelle.boord@cox.net,6/27/1994,a0972986650,978-697-6263
179,Stephaine Vinning,stephaine@cox.net,6/28/1994,x8512514,415-767-6596
180,Nelida Sawchuk,nelida@gmail.com,6/29/1994,qn5xpg3k00,201-971-1638
181,Marguerita Hiatt,marguerita.hiatt@gmail.com,6/30/1994,finisterra1,925-634-7158
182,Carmela Cookey,ccookey@cookey.org,7/1/1994,ebacuro434,773-494-4195
183,Junita Brideau,jbrideau@aol.com,7/2/1994,4osxw4r,973-943-3423
184,Claribel Varriano,claribel_varriano@cox.net,7/3/1994,nello11,419-544-4900
185,Benton Skursky,benton.skursky@aol.com,7/4/1994,sasuke4,310-579-2907
186,Hillary Skulski,hillary.skulski@aol.com,7/5/1994,z888888,352-242-2570
187,Merilyn Bayless,merilyn_bayless@cox.net,5/22/2003,marita1,408-758-5015
188,Teri Ennaco,tennaco@gmail.com,5/23/2003,kayal123,570-889-5187
189,Merlyn Lawler,merlyn_lawler@hotmail.com,5/24/2003,zgmfnwuq25,201-588-7810
190,Georgene Montezuma,gmontezuma@cox.net,5/25/2003,wxS2ztDk4OATjBfI,925-615-5185
191,Jettie Mconnell,jmconnell@hotmail.com,5/26/2003,njmania114,908-802-3564
192,Lemuel Latzke,lemuel.latzke@gmail.com,5/27/2003,z7zbgIDkzMQeHUd9,631-748-6479
193,Melodie Knipp,mknipp@gmail.com,5/28/2003,gandhi8513,805-690-1682
194,Candida Corbley,candida_corbley@hotmail.com,5/29/2003,20010509wang,908-275-8357
195,Karan Karpin,karan_karpin@gmail.com,5/30/2003,wibi182d,503-940-8327
196,Andra Scheyer,andra@gmail.com,5/31/2003,v10rica,503-516-2189
197,Felicidad Poullion,fpoullion@poullion.com,6/1/2003,change201,856-305-9731
198,Belen Strassner,belen_strassner@aol.com,6/2/2003,4fqa52vecr,770-507-8791
199,Gracia Melnyk,gracia@melnyk.com,6/3/2003,gozv3e5,904-235-3633
200,Jolanda Hanafan,jhanafan@gmail.com,6/4/2003,taurofive16,207-458-9196
201,Barrett Toyama,barrett.toyama@toyama.org,6/5/2003,q0pv0fk,817-765-5781
202,Helga Fredicks,helga_fredicks@yahoo.com,6/6/2003,215466kenyi,716-752-4114
203,Ashlyn Pinilla,apinilla@cox.net,6/7/2003,159951josh,305-670-9628
204,Fausto Agramonte,fausto_agramonte@yahoo.com,6/8/2003,cockw0mble,212-313-1783
205,Ronny Caiafa,ronny.caiafa@caiafa.org,6/9/2003,barboza221294,215-605-7570
206,Marge Limmel,marge@gmail.com,6/10/2003,meriton23,850-430-1663
207,Norah Waymire,norah.waymire@gmail.com,6/11/2003,robot425,415-306-7897
208,Aliza Baltimore,aliza@aol.com,6/12/2003,kikeq102,408-504-3552
209,Mozell Pelkowski,mpelkowski@pelkowski.org,6/13/2003,ubojig109,650-947-1215
210,Viola Bitsuie,viola@gmail.com,6/14/2003,okn9zp9o,818-864-4875
211,Franklyn Emard,femard@emard.com,6/15/2003,mike09,215-558-8189
212,Willodean Konopacki,willodean_konopacki@konopacki.org,6/16/2003,metopelo1623,337-253-8384
213,Beckie Silvestrini,beckie.silvestrini@silvestrini.com,6/17/2003,vgnfs495vp,313-533-4884
214,Rebecka Gesick,rgesick@gesick.org,6/18/2003,tomas7896,512-213-8574
215,Frederica Blunk,frederica_blunk@gmail.com,6/19/2003,tucagu356,214-428-2285
216,Glen Bartolet,glen_bartolet@hotmail.com,6/20/2003,nK0yKXTU0NQHZE2e,206-697-5796
217,Freeman Gochal,freeman_gochal@aol.com,6/21/2003,owote852,610-476-3501
218,Vincent Meinerding,vincent.meinerding@hotmail.com,6/22/2003,X9WVojjE4MgVAIiR,215-372-1718
219,Rima Bevelacqua,rima@cox.net,6/23/2003,franczuk33,310-858-5079
220,Glendora Sarbacher,gsarbacher@gmail.com,6/24/2003,XqMB7vDMzOQocAFV,707-653-8214
221,Avery Steier,avery@cox.net,6/25/2003,planes123,407-808-9439
222,Cristy Lother,cristy@lother.com,6/26/2003,bellsuki1,760-971-4322
223,Nicolette Brossart,nicolette_brossart@brossart.com,6/27/2003,samael666,508-837-9230
224,Tracey Modzelewski,tracey@hotmail.com,6/28/2003,koabcswzt3,936-264-9294
225,Virgina Tegarden,virgina_tegarden@tegarden.com,6/29/2003,pablo321159,414-214-8697
226,Tiera Frankel,tfrankel@aol.com,6/30/2003,7942vikas,626-636-4117
227,Alaine Bergesen,alaine_bergesen@cox.net,7/1/2003,edcmki90,914-300-9193
228,Earleen Mai,earleen_mai@cox.net,6/14/2003,uxyloga692,214-289-1973
229,Leonida Gobern,leonida@gobern.org,6/15/2003,virush1n1,228-235-5615
230,Ressie Auffrey,ressie.auffrey@yahoo.com,6/16/2003,kyxvufl37,305-604-8981
231,Justine Mugnolo,jmugnolo@yahoo.com,6/17/2003,atigi839,212-304-9225
232,Eladia Saulter,eladia@saulter.com,6/18/2003,gtlek,201-474-4924
233,Chaya Malvin,chaya@malvin.com,6/19/2003,roxana1993,734-928-5182
234,Gwenn Suffield,gwenn_suffield@suffield.org,6/20/2003,mustang337,631-258-6558
235,Salena Karpel,skarpel@cox.net,6/21/2003,caramelo9,330-791-8557
236,Yoko Fishburne,yoko@fishburne.com,6/22/2003,bugatti01,203-506-4706
237,Taryn Moyd,taryn.moyd@hotmail.com,6/23/2003,frhnsvelhfr1,703-322-4041
238,Katina Polidori,katina_polidori@aol.com,6/24/2003,7mV0pKTA3MgHy8Jv,978-626-2978
239,Rickie Plumer,rickie.plumer@aol.com,6/25/2003,krumbul123,419-693-1334
240,Alex Loader,alex@loader.com,6/26/2003,wycinu436,253-660-7821
241,Lashon Vizarro,lashon@aol.com,6/27/2003,uou2dae,916-741-7884
242,Lauran Burnard,lburnard@burnard.com,6/28/2003,patty94,307-342-7795
243,Ceola Setter,ceola.setter@setter.org,6/29/2003,xW8-3w7-MFB-CKH,207-627-7565
244,My Rantanen,my@hotmail.com,6/30/2003,33kanun03,215-491-5633
245,Lorrine Worlds,lorrine.worlds@worlds.com,7/1/2003,lrhxmevb620,813-769-2939
246,Peggie Sturiale,peggie@cox.net,6/14/2003,colorado27,619-608-1763
247,Marvel Raymo,mraymo@yahoo.com,6/15/2003,sbaUsoTA1OAzuevI,979-718-8968
248,Daron Dinos,daron_dinos@cox.net,6/16/2003,holamundo1,847-233-3075
249,An Fritz,an_fritz@hotmail.com,6/17/2003,e667794c1d,609-228-5265
250,Portia Stimmel,portia.stimmel@aol.com,6/18/2003,kry1z9,908-722-7128
251,Rhea Aredondo,rhea_aredondo@cox.net,6/19/2003,rLLh4WDQ2OAWbDO5,718-560-9537
252,Benedict Sama,bsama@cox.net,6/20/2003,djngeyut2707,314-787-1588
253,Alyce Arias,alyce@arias.org,6/21/2003,kuntz80,209-317-1801
254,Heike Berganza,heike@gmail.com,6/22/2003,moimoimoi9,973-936-5095
255,Carey Dopico,carey_dopico@dopico.org,6/23/2003,witek1709,317-578-2453
256,Dottie Hellickson,dottie@hellickson.org,6/24/2003,enziitoo1234,206-540-6076
257,Deandrea Hughey,deandrea@yahoo.com,6/25/2003,abizar08,336-822-7652
258,Kimberlie Duenas,kimberlie_duenas@yahoo.com,6/26/2003,shotiko18,785-629-8542
259,Martina Staback,martina_staback@staback.com,6/27/2003,hosna1368,407-471-6908
260,Skye Fillingim,skye_fillingim@yahoo.com,6/28/2003,ajyrew547,612-508-2655
261,Jade Farrar,jade.farrar@yahoo.com,6/29/2003,kenneth610,803-352-5387
262,Charlene Hamilton,charlene.hamilton@hotmail.com,6/30/2003,6yy6yy,707-300-1771
263,Geoffrey Acey,geoffrey@gmail.com,7/1/2003,ram@!sita15392,847-222-1734
264,Stevie Westerbeck,stevie.westerbeck@yahoo.com,6/14/2003,ts34a3fodh3i,949-867-4077
265,Pamella Fortino,pamella@fortino.com,6/15/2003,a2486315,303-404-2210
266,Harrison Haufler,hhaufler@hotmail.com,6/16/2003,a03242241431a,203-801-6193
267,Johnna Engelberg,jengelberg@engelberg.org,6/17/2003,a110804032,425-986-7573
268,Buddy Cloney,buddy.cloney@yahoo.com,6/18/2003,lzhzad1989,440-989-5826
269,Dalene Riden,dalene.riden@aol.com,6/19/2003,AS0130066,603-315-6839
270,Jerry Zurcher,jzurcher@zurcher.org,6/20/2003,QWERTY0011,321-518-5938
271,Haydee Denooyer,hdenooyer@denooyer.org,6/21/2003,tahseen75,212-792-8658
272,Joseph Cryer,joseph_cryer@cox.net,6/22/2003,ycqtgdso3,714-584-2237
273,Deonna Kippley,deonna_kippley@hotmail.com,6/23/2003,y0unus,248-913-4677
274,Raymon Calvaresi,raymon.calvaresi@gmail.com,6/24/2003,1katertje,317-825-4724
275,Alecia Bubash,alecia@aol.com,6/25/2003,1597535youssi,940-276-7922
276,Ma Layous,mlayous@hotmail.com,6/26/2003,UF1Z2WjE5Mg26R1K,203-721-3388
277,Detra Coyier,detra@aol.com,6/27/2003,t8IkFRDIxMAFV2JW,410-739-9277
278,Terrilyn Rodeigues,terrilyn.rodeigues@cox.net,6/28/2003,bencike7,504-463-4384
279,Salome Lacovara,slacovara@gmail.com,6/29/2003,iwaguh884,804-550-5097
280,Garry Keetch,garry_keetch@hotmail.com,6/30/2003,isqizkg1,215-979-8776
281,Matthew Neither,mneither@yahoo.com,7/1/2003,josue12,952-651-7597
282,Theodora Restrepo,theodora.restrepo@restrepo.com,6/14/2003,mario489800,305-936-8226
283,Noah Kalafatis,noah.kalafatis@aol.com,6/15/2003,hisnipes1,414-263-5287
284,Carmen Sweigard,csweigard@sweigard.com,6/16/2003,xlxlxl777,732-941-2621
285,Lavonda Hengel,lavonda@cox.net,6/17/2003,0112358mayin0,701-898-2154
286,Junita Stoltzman,junita@aol.com,6/18/2003,sydney213,775-638-9963
287,Herminia Nicolozakes,herminia@nicolozakes.org,6/19/2003,saule123,602-954-5141
288,Casie Good,casie.good@aol.com,6/20/2003,juany57,615-390-2251
289,Reena Maisto,reena@hotmail.com,6/21/2003,vuqADUSatAJO800,410-351-1863
290,Mirta Mallett,mirta_mallett@gmail.com,6/22/2003,DTUQG5jU5MwmR1L9,212-870-1286
291,Cathrine Pontoriero,cathrine.pontoriero@pontoriero.com,6/23/2003,autan88,806-703-1435
292,Filiberto Tawil,ftawil@hotmail.com,6/24/2003,hqh2eYjQxOQPYIsA,323-765-2528
293,Raul Upthegrove,rupthegrove@yahoo.com,6/25/2003,yy4129,619-509-5282
294,Sarah Candlish,sarah.candlish@gmail.com,6/26/2003,mathilde54550,770-732-1194
295,Lucy Treston,lucy@cox.net,6/27/2003,den019520,508-769-5250
296,Judy Aquas,jaquas@aquas.com,6/28/2003,3CgRg8DA1NQY1iEj,269-756-7222
297,Yvonne Tjepkema,yvonne.tjepkema@hotmail.com,6/29/2003,aslpls2009,973-714-1721
298,Kayleigh Lace,kayleigh.lace@yahoo.com,6/30/2003,llahetihw1,337-740-9323
299,Felix Hirpara,felix_hirpara@cox.net,7/1/2003,x0004534,717-491-5643
300,Tresa Sweely,tresa_sweely@hotmail.com,6/14/2003,balamuc123,314-359-9566
301,Kristeen Turinetti,kristeen@gmail.com,6/15/2003,xanyrum650,817-213-8851
302,Jenelle Regusters,jregusters@regusters.com,6/16/2003,jEzZXUTE3MgJ4fVk,813-932-8715
303,Renea Monterrubio,renea@hotmail.com,6/17/2003,clave08,770-679-4752
304,Olive Matuszak,olive@aol.com,6/18/2003,sysoja794,760-938-6069
305,Ligia Reiber,lreiber@cox.net,6/19/2003,xp;ysmybst,517-906-1108
306,Christiane Eschberger,christiane.eschberger@yahoo.com,6/20/2003,d4xQ3LjUwMQFVCYQ,602-390-4944
307,Goldie Schirpke,goldie.schirpke@yahoo.com,6/21/2003,ppnyadam09,207-295-7569
308,Loreta Timenez,loreta.timenez@hotmail.com,6/22/2003,1234159hero,301-696-6420
309,Fabiola Hauenstein,fabiola.hauenstein@hauenstein.org,6/23/2003,markama10,717-809-3119
310,Amie Perigo,amie.perigo@yahoo.com,6/24/2003,aosmaxd0,972-419-7946
311,Raina Brachle,raina.brachle@brachle.org,6/25/2003,631ihOZogELoVap,406-318-1515
312,Erinn Canlas,erinn.canlas@canlas.com,6/26/2003,pugceya468,973-767-3008
313,Cherry Lietz,cherry@lietz.com,6/27/2003,hasan18,248-980-6904
314,Kattie Vonasek,kattie@vonasek.org,6/28/2003,cdann123,216-923-3715
315,Lilli Scriven,lilli@aol.com,6/29/2003,khaled12,325-631-1560
316,Whitley Tomasulo,whitley.tomasulo@aol.com,6/30/2003,kP82iqDMxNgBMxBP,817-526-4408
317,Barbra Adkin,badkin@hotmail.com,7/1/2003,examy624,718-201-3751
318,Hermila Thyberg,hermila_thyberg@hotmail.com,6/14/2003,kitty555,401-893-4882
319,Jesusita Flister,jesusita.flister@hotmail.com,6/15/2003,clyioqzgw42,717-885-9118
320,Caitlin Julia,caitlin.julia@julia.org,6/16/2003,weicat12,401-948-4982
321,Roosevelt Hoffis,roosevelt.hoffis@aol.com,6/17/2003,wo9aiwangyan,305-622-4739
322,Helaine Halter,hhalter@yahoo.com,6/18/2003,han19660120,201-832-4168
323,Lorean Martabano,lorean.martabano@hotmail.com,6/19/2003,1qa2ws3ed4rf,210-856-4979
324,France Buzick,france.buzick@yahoo.com,6/20/2003,YADHJIGSAWS11,718-478-8504
325,Justine Ferrario,jferrario@hotmail.com,6/21/2003,khurram_,909-993-3242
326,Adelina Nabours,adelina_nabours@gmail.com,6/22/2003,pazzini24,216-230-4892
327,Derick Dhamer,ddhamer@cox.net,6/23/2003,afavin964,212-304-4515
328,Jerry Dallen,jerry.dallen@yahoo.com,6/24/2003,zidadoh258,804-762-9576
329,Leota Ragel,leota.ragel@gmail.com,6/25/2003,webstudio8,706-221-4243
330,Jutta Amyot,jamyot@hotmail.com,6/26/2003,folashade1,337-515-1438
331,Aja Gehrett,aja_gehrett@hotmail.com,6/27/2003,07dpv1127b,973-544-2677
332,Kirk Herritt,kirk.herritt@aol.com,6/28/2003,yu86640132,607-407-3716
333,Leonora Mauson,leonora@yahoo.com,6/29/2003,1ngaymuadong,973-412-2995
334,Winfred Brucato,winfred_brucato@hotmail.com,6/30/2003,gerardway1,208-252-4552
335,Tarra Nachor,tarra.nachor@cox.net,7/1/2003,sebo82,415-411-1775
336,Corinne Loder,corinne@loder.org,6/14/2003,sofietou74,508-942-4186
337,Dulce Labreche,dulce_labreche@yahoo.com,6/15/2003,krishna2,248-357-8718
338,Kate Keneipp,kate_keneipp@yahoo.com,6/16/2003,acetita478,920-353-6377
339,Kaitlyn Ogg,kaitlyn.ogg@gmail.com,6/17/2003,2GnTStTE4Mw4MTwv,410-665-4903
340,Sherita Saras,sherita.saras@cox.net,6/18/2003,n501iomf,719-669-1664
341,Lashawnda Stuer,lstuer@cox.net,6/19/2003,cUFUSYKIPuGo024,419-588-8719
342,Ernest Syrop,ernest@cox.net,6/20/2003,mayur@8netinfotech,301-998-9644
343,Nobuko Halsey,nobuko.halsey@yahoo.com,6/21/2003,terrassa6,508-855-9887
344,Lavonna Wolny,lavonna.wolny@hotmail.com,6/22/2003,nokia6020,703-483-1970
345,Lashaunda Lizama,llizama@cox.net,6/23/2003,beijing168,410-678-2473
346,Mariann Bilden,mariann.bilden@aol.com,6/24/2003,wuzyci421,512-223-4791
347,Helene Rodenberger,helene@aol.com,6/25/2003,IRZA98,623-461-8551
348,Roselle Estell,roselle.estell@hotmail.com,6/26/2003,123nicole,419-571-5920
349,Samira Heintzman,sheintzman@hotmail.com,6/27/2003,oatcake87,206-311-4137
350,Margart Meisel,margart_meisel@yahoo.com,6/28/2003,nLIGyhTU1NQTAp6u,513-617-2362
351,Kristofer Bennick,kristofer.bennick@yahoo.com,6/29/2003,just1n0k,812-368-1511
352,Weldon Acuff,wacuff@gmail.com,6/30/2003,oioo9og,847-353-2156
353,Shalon Shadrick,shalon@cox.net,7/1/2003,aio42fv,718-232-2337
354,Denise Patak,denise@patak.org,6/14/2003,sanjaime1,407-446-4358
355,Louvenia Beech,louvenia.beech@beech.com,6/15/2003,0VKWoODkwOAc0pZK,310-820-2117
356,Audry Yaw,audry.yaw@yaw.org,6/16/2003,gvczfel801,813-797-4816
357,Kristel Ehmann,kristel.ehmann@aol.com,6/17/2003,ryjypes139,915-452-1290
358,Vincenza Zepp,vzepp@gmail.com,6/18/2003,1qa2ws3ed4r,619-603-5125
359,Elouise Gwalthney,egwalthney@yahoo.com,6/19/2003,bang6k,301-841-5012
360,Venita Maillard,venita_maillard@gmail.com,6/20/2003,kyodai666,714-523-6653
361,Kasandra Semidey,kasandra_semidey@semidey.com,6/21/2003,fbjurcd961,314-732-9131
362,Xochitl Discipio,xdiscipio@gmail.com,6/22/2003,deryxi704,512-233-1831
363,Maile Linahan,mlinahan@yahoo.com,6/23/2003,matiz4533,336-670-2640
364,Krissy Rauser,krauser@cox.net,6/24/2003,buqodym199,631-443-4710
365,Pete Dubaldi,pdubaldi@hotmail.com,6/25/2003,vietnga92,201-825-2514
366,Linn Paa,linn_paa@paa.com,6/26/2003,sd6x9s3s,901-412-4381
367,Paris Wide,paris@hotmail.com,6/27/2003,u03kz6ez,404-505-4445
368,Wynell Dorshorst,wynell_dorshorst@dorshorst.org,6/28/2003,servbot88,650-473-1262
369,Quentin Birkner,qbirkner@aol.com,6/29/2003,laedbchsx687,952-702-7993
370,Regenia Kannady,regenia.kannady@cox.net,6/30/2003,Staterkom20081993,480-726-1280
371,Sheron Louissant,sheron@aol.com,7/1/2003,cristiano7,718-976-8610
372,Izetta Funnell,izetta.funnell@hotmail.com,6/14/2003,oscar69,770-844-3447
373,Rodolfo Butzen,rodolfo@hotmail.com,6/15/2003,senghong2009,507-210-3510
374,Zona Colla,zona@hotmail.com,6/16/2003,VMjz4eTkxNAbOyUU,203-461-1949
375,Serina Zagen,szagen@aol.com,6/17/2003,seller1,260-273-3725
376,Paz Sahagun,paz_sahagun@cox.net,6/18/2003,jr88072635,601-927-8287
377,Markus Lukasik,markus@yahoo.com,6/19/2003,JEQuloqOFUd102,586-970-7380
378,Jaclyn Bachman,jaclyn@aol.com,6/20/2003,Oshity07142014,719-853-3600
379,Cyril Daufeldt,cyril_daufeldt@daufeldt.com,6/21/2003,GGmm26120904..,212-745-8484
380,Gayla Schnitzler,gschnitzler@gmail.com,6/22/2003,elabadmin1386,510-686-3407
381,Erick Nievas,erick_nievas@aol.com,6/23/2003,lymuvop730,773-704-9903
382,Jennie Drymon,jennie@cox.net,6/24/2003,ninja420,570-218-4831
383,Mitsue Scipione,mscipione@scipione.com,6/25/2003,4165000yakub,530-986-9272
384,Ciara Ventura,cventura@yahoo.com,6/26/2003,seng987321,845-823-8877
385,Galen Cantres,galen@yahoo.com,6/27/2003,desmondkok21,216-600-6111
386,Truman Feichtner,tfeichtner@yahoo.com,6/28/2003,qefoquf1uf,973-852-2736
387,Gail Kitty,gail@kitty.com,6/29/2003,64whbrb351,907-435-9166
388,Dalene Schoeneck,dalene@schoeneck.org,6/30/2003,jbtcnd6,215-268-1275
389,Gertude Witten,gertude.witten@gmail.com,7/1/2003,d6VyrkFV6oblxNs5N8cW,513-977-7043
390,Lizbeth Kohl,lizbeth@yahoo.com,6/14/2003,taulant123,310-699-1222
391,Glenn Berray,gberray@gmail.com,6/15/2003,yzxwvgbdu503,515-370-7348
392,Lashandra Klang,lashandra@yahoo.com,6/16/2003,tukaxo486,610-809-1818
393,Lenna Newville,lnewville@newville.com,6/17/2003,cerner09,919-623-2524
394,Laurel Pagliuca,laurel@yahoo.com,6/18/2003,tim80327,509-695-5199
395,Mireya Frerking,mireya.frerking@hotmail.com,6/19/2003,lofebop480,914-868-5965
396,Annelle Tagala,annelle@yahoo.com,6/20/2003,kdl9cl53,410-757-1035
397,Dean Ketelsen,dean_ketelsen@gmail.com,6/21/2003,ebogel225,516-847-4418
398,Levi Munis,levi.munis@gmail.com,6/22/2003,asdasdf1,508-456-4907
399,Sylvie Ryser,sylvie@aol.com,6/23/2003,clave2013,918-644-9555
400,Sharee Maile,sharee_maile@aol.com,6/24/2003,xtswdypgh936,231-467-9978
401,Cordelia Storment,cordelia_storment@aol.com,6/25/2003,taiga0088,337-566-6001
402,Mollie Mcdoniel,mollie_mcdoniel@yahoo.com,6/26/2003,pekai2004,419-975-3182
403,Brett Mccullan,brett.mccullan@mccullan.com,6/27/2003,jsm159167,619-461-9984
404,Teddy Pedrozo,teddy_pedrozo@aol.com,6/28/2003,byeypb2,203-892-3863
405,Tasia Andreason,tasia_andreason@yahoo.com,6/29/2003,ixehawojEPe418,201-920-9002
406,Hubert Walthall,hubert@walthall.org,6/30/2003,graciela2,330-903-1345
407,Arthur Farrow,arthur.farrow@yahoo.com,7/1/2003,sono11,201-238-5688
408,Vilma Berlanga,vberlanga@berlanga.com,6/14/2003,kabrito1,616-737-3085
409,Billye Miro,billye_miro@cox.net,6/15/2003,ocadezi586,601-567-5386
410,Glenna Slayton,glenna_slayton@cox.net,6/16/2003,hlQ8gDTExMQWkeda,901-640-9178
411,Mitzie Hudnall,mitzie_hudnall@yahoo.com,6/17/2003,junaid5,303-402-1940
412,Bernardine Rodefer,bernardine_rodefer@yahoo.com,6/18/2003,gutergut599,901-901-4726
413,Staci Schmaltz,staci_schmaltz@aol.com,6/19/2003,rakag279,626-866-2339
414,Nichelle Meteer,nichelle_meteer@meteer.com,6/20/2003,walterivl13,773-225-9985
415,Janine Rhoden,jrhoden@yahoo.com,6/21/2003,zjl0kx03,718-228-5894
416,Ettie Hoopengardner,ettie.hoopengardner@hotmail.com,6/22/2003,kah4544875,509-755-5393
417,Eden Jayson,eden_jayson@yahoo.com,6/23/2003,parent777,410-890-7866
418,Lynelle Auber,lynelle_auber@gmail.com,6/24/2003,wasanun13,973-860-8610
419,Merissa Tomblin,merissa.tomblin@gmail.com,6/25/2003,may112001,562-579-6900
420,Golda Kaniecki,golda_kaniecki@yahoo.com,6/26/2003,purpledog1992,732-628-9909
421,Catarina Gleich,catarina_gleich@hotmail.com,6/27/2003,spl51190595,973-210-3994
422,Virgie Kiel,vkiel@hotmail.com,6/28/2003,novelia21,303-776-7548
423,Jolene Ostolaza,jolene@yahoo.com,6/29/2003,b98nwtpriyesh,757-682-7116
424,Keneth Borgman,keneth@yahoo.com,6/30/2003,parvizrus13,602-919-4211
425,Rikki Nayar,rikki@nayar.com,7/1/2003,16731673ir,305-968-9487
426,Elke Sengbusch,elke_sengbusch@yahoo.com,6/14/2003,grazi0201,602-896-2993
427,Hoa Sarao,hoa@sarao.org,6/15/2003,killer5,386-526-7800
428,Trinidad Mcrae,trinidad_mcrae@yahoo.com,6/16/2003,viri13,415-331-9634
429,Mari Lueckenbach,mari_lueckenbach@yahoo.com,6/17/2003,adminmao888,858-793-9684
430,Selma Husser,selma.husser@cox.net,6/18/2003,yhwbzci130,201-991-8369
431,Antione Onofrio,aonofrio@onofrio.com,6/19/2003,clumsy0619,909-430-7765
432,Luisa Jurney,ljurney@hotmail.com,6/20/2003,poilkjmnb987,617-365-2134
433,Clorinda Heimann,clorinda.heimann@hotmail.com,6/21/2003,as8594505,760-291-5497
434,Dick Wenzinger,dick@yahoo.com,6/22/2003,sebax2013,310-510-9713
435,Ahmed Angalich,ahmed.angalich@angalich.com,6/23/2003,bc5e4vca,717-528-8996
436,Iluminada Ohms,iluminada.ohms@yahoo.com,6/24/2003,rqmswof2llb0,480-293-2882
437,Joanna Leinenbach,joanna_leinenbach@hotmail.com,6/25/2003,password0880,561-470-4574
438,Caprice Suell,caprice@aol.com,6/26/2003,xf6385494,615-246-1824
439,Stephane Myricks,stephane_myricks@cox.net,6/27/2003,studenko123,859-717-7638
440,Quentin Swayze,quentin_swayze@yahoo.com,6/28/2003,fudijep286,734-561-6170
441,Annmarie Castros,annmarie_castros@gmail.com,6/29/2003,yami12,936-751-7961
442,Shonda Greenbush,shonda_greenbush@cox.net,6/30/2003,sandra0547,973-482-2430
443,Cecil Lapage,clapage@lapage.com,7/1/2003,Ju6BIMTU0MwYXtL4,201-693-3967
444,Jeanice Claucherty,jeanice.claucherty@yahoo.com,6/14/2003,ypodahe201,305-988-4162
445,Josphine Villanueva,josphine_villanueva@villanueva.com,6/15/2003,sw10d014,931-553-9774
446,Daniel Perruzza,dperruzza@perruzza.com,6/16/2003,legna13,714-771-3880
447,Cassi Wildfong,cassi.wildfong@aol.com,6/17/2003,19821010a,847-633-3216
448,Britt Galam,britt@galam.org,6/18/2003,osimeytju12,215-888-3304
449,Adell Lipkin,adell.lipkin@lipkin.com,6/19/2003,we34dar88,973-654-1561
450,Jacqueline Rowling,jacqueline.rowling@yahoo.com,6/20/2003,galoucura1,814-865-8113
451,Lonny Weglarz,lonny_weglarz@gmail.com,6/21/2003,oscar2002,801-293-9853
452,Lonna Diestel,lonna_diestel@gmail.com,6/22/2003,amandine666,910-922-3672
453,Cristal Samara,cristal@cox.net,6/23/2003,aslanmarco007,213-975-8026
454,Kenneth Grenet,kenneth.grenet@grenet.org,6/24/2003,9950twofour0,517-499-2322
455,Elli Mclaird,emclaird@mclaird.com,6/25/2003,asakapa22,315-818-2638
456,Alline Jeanty,ajeanty@gmail.com,6/26/2003,kenyu001,574-656-2800
457,Sharika Eanes,sharika.eanes@aol.com,6/27/2003,mashhood_afzal21087,407-312-1691
458,Nu Mcnease,nu@gmail.com,6/28/2003,butisugo39,973-751-9003
459,Daniela Comnick,dcomnick@cox.net,6/29/2003,4lgYVfzk1MwuzHcn,609-200-8577
460,Cecilia Colaizzo,cecilia_colaizzo@colaizzo.com,6/30/2003,control9,608-382-4541
461,Leslie Threets,leslie@cox.net,7/1/2003,4TXr5KDYxNQVTo4g,914-861-9748
462,Nan Koppinger,nan@koppinger.com,6/14/2003,19840510kkk1,336-370-5333
463,Izetta Dewar,idewar@dewar.com,6/15/2003,101010hadis,410-473-1708
464,Tegan Arceo,tegan.arceo@arceo.org,6/16/2003,pilatyj280,732-730-2692
465,Ruthann Keener,ruthann@hotmail.com,6/17/2003,Scipio21152030067254,830-258-2769
466,Joni Breland,joni_breland@cox.net,6/18/2003,uziwocy148,847-519-5906
467,Vi Rentfro,vrentfro@cox.net,6/19/2003,ahibyg892,732-605-4781
468,Colette Kardas,colette.kardas@yahoo.com,6/20/2003,arigato3,402-896-5943
469,Malcolm Tromblay,malcolm_tromblay@cox.net,6/21/2003,1991vikash,703-221-5602
470,Ryan Harnos,ryan@cox.net,6/22/2003,j2yj2yj2y,972-558-1665
471,Jess Chaffins,jess.chaffins@chaffins.org,6/23/2003,qwekl12,212-510-4633
472,Sharen Bourbon,sbourbon@yahoo.com,6/24/2003,pmcm110118008,516-816-1541
473,Nickolas Juvera,nickolas_juvera@cox.net,6/25/2003,248sUqiFEJuRag,352-598-8301
474,Gary Nunlee,gary_nunlee@nunlee.org,6/26/2003,qopybuxi2,317-542-6023
475,Diane Devreese,diane@cox.net,6/27/2003,yogesh143,816-557-9673
476,Roslyn Chavous,roslyn.chavous@chavous.org,6/28/2003,fr8OClDY1MAdEhHa,601-234-9632
477,Glory Schieler,glory@yahoo.com,6/29/2003,eVl19ADIxNAmU09N,325-869-2649
478,Rasheeda Sayaphon,rasheeda@aol.com,6/30/2003,paladinas1,408-805-4309
479,Alpha Palaia,alpha@yahoo.com,7/1/2003,upomel180,856-312-2629
480,Refugia Jacobos,refugia.jacobos@jacobos.com,6/14/2003,h1h2h3h4h5,510-974-8671
481,Shawnda Yori,shawnda.yori@yahoo.com,6/15/2003,urban1,407-538-5106
482,Mona Delasancha,mdelasancha@hotmail.com,6/16/2003,238wofutUtIGyf,307-403-1488
483,Gilma Liukko,gilma_liukko@gmail.com,6/17/2003,zedika521,516-393-9967
484,Janey Gabisi,jgabisi@hotmail.com,6/18/2003,satelite31,608-967-7194
485,Lili Paskin,lili.paskin@cox.net,6/19/2003,2652033abc,201-431-2989
486,Loren Asar,loren.asar@aol.com,6/20/2003,paulino123,570-648-3035
487,Dorothy Chesterfield,dorothy@cox.net,6/21/2003,PEPITO00,858-617-7834
488,Gail Similton,gail_similton@similton.com,6/14/2003,rrilni1747,760-616-5388
489,Catalina Tillotson,catalina@hotmail.com,6/15/2003,kXzWOozU2MQ1Jv1h,609-373-3332
490,Lawrence Lorens,lawrence.lorens@hotmail.com,6/16/2003,zcsntdmhe098,401-465-6432
491,Carlee Boulter,carlee.boulter@hotmail.com,6/17/2003,3f5xd41l0ik7,785-347-1805
492,Thaddeus Ankeny,tankeny@ankeny.org,6/18/2003,woaini0,916-920-3571
493,Jovita Oles,joles@gmail.com,6/19/2003,lollies1989,386-248-4118
494,Alesia Hixenbaugh,alesia_hixenbaugh@hixenbaugh.org,6/20/2003,woogee04,202-646-7516
495,Lai Harabedian,lai@gmail.com,6/21/2003,847XagYxUHUXOW,415-423-3294
496,Brittni Gillaspie,bgillaspie@gillaspie.com,6/22/2003,plumilla1,208-709-1235
497,Raylene Kampa,rkampa@kampa.org,6/23/2003,mussuh4,574-499-1454
498,Flo Bookamer,flo.bookamer@cox.net,6/24/2003,600eretz,308-726-2182
499,Jani Biddy,jbiddy@yahoo.com,6/25/2003,mega0109,206-711-6498
500,Chauncey Motley,chauncey_motley@aol.com,6/26/2003,webhost08,407-413-4842
